<?xml version="1.0" encoding="UTF-8"?>
<project-private xmlns="http://www.netbeans.org/ns/project-private/1">
    <editor-bookmarks xmlns="http://www.netbeans.org/ns/editor-bookmarks/2" lastBookmarkId="0"/>
    <open-files xmlns="http://www.netbeans.org/ns/projectui-open-files/2">
        <group>
            <file>file:/C:/Users/HS/Downloads/OOCMiniHW2/OOCMiniHW2/src/oocminihw2classpackage/Boat.java</file>
            <file>file:/C:/Users/HS/Downloads/OOCMiniHW2/OOCMiniHW2/src/oocminihw2/OOCMiniHW2.java</file>
            <file>file:/C:/Users/HS/Downloads/OOCMiniHW2/OOCMiniHW2/src/oocminihw2/Flyable.java</file>
            <file>file:/C:/Users/HS/Downloads/OOCMiniHW2/OOCMiniHW2/src/oocminihw2classpackage/Airplane.java</file>
            <file>file:/C:/Users/HS/Downloads/OOCMiniHW2/OOCMiniHW2/src/oocminihw2/Sailable.java</file>
            <file>file:/C:/Users/HS/Downloads/OOCMiniHW2/OOCMiniHW2/src/oocminihw2classpackage/Car.java</file>
            <file>file:/C:/Users/HS/Downloads/OOCMiniHW2/OOCMiniHW2/src/oocminihw2/Drivable.java</file>
            <file>file:/C:/Users/HS/Downloads/OOCMiniHW2/OOCMiniHW2/src/oocminihw2/Vehicle.java</file>
        </group>
    </open-files>
</project-private>
